安装日期,商品推荐,智能商品推荐
2023/10/31,1,4
2023/10/30,2,9
2023/10/29,1,7
2023/10/28,2,5
2023/10/27,4,7
2023/10/26,6,8
2023/10/25,2,6
2023/10/24,5,19
2023/10/23,7,10
2023/10/22,0,2
2023/10/21,2,5
2023/10/20,4,12
2023/10/19,0,7
2023/10/18,6,13
2023/10/17,3,9
2023/10/16,4,9
2023/10/15,1,3
2023/10/14,3,10
2023/10/13,6,15
2023/10/12,2,9
2023/10/11,8,14
2023/10/10,3,8
2023/10/9,4,9
2023/10/8,4,9
2023/10/7,3,8
2023/10/6,1,8
2023/10/5,0,7
2023/10/4,0,7
2023/10/3,0,8
2023/10/1,2,1
2023/9/30,0,3
2023/9/29,1,2
2023/9/28,11,8
2023/9/27,1,10
2023/9/26,7,10
2023/9/25,3,11
2023/9/24,2,3
2023/9/23,3,4
2023/9/22,6,16
2023/9/21,4,11
2023/9/20,3,6
2023/9/19,4,9
2023/9/18,3,9
2023/9/17,0,2
2023/9/16,1,1
2023/9/15,4,8
2023/9/14,9,6
2023/9/13,7,14
2023/9/12,3,19
2023/9/11,2,10
2023/9/10,2,6
2023/9/9,0,9
2023/9/8,7,19
2023/9/7,5,17
2023/9/6,5,25
2023/9/5,7,60
2023/9/4,2,57
2023/9/3,2,4
2023/9/2,4,9
2023/9/1,9,6
2023/8/31,5,12
2023/8/30,11,14
2023/8/29,12,12
2023/8/28,7,13
2023/8/27,6,1
2023/8/26,3,17
2023/8/25,11,18
2023/8/24,8,20
2023/8/23,11,25
2023/8/22,6,20
2023/8/21,8,30
2023/8/20,0,9
2023/8/19,5,11
2023/8/18,10,24
2023/8/17,10,55
2023/8/16,14,56
2023/8/15,14,300
2023/8/14,13,137
2023/8/13,1,4
2023/8/12,1,1
2023/8/11,5,16
2023/8/10,8,9
2023/8/9,5,3
2023/8/8,9,1
2023/8/7,9,4
2023/8/6,0,1
2023/8/5,4,3
2023/8/4,11,7
2023/8/3,3,15
2023/8/2,8,12
2023/8/1,9,2
2023/7/31,16,4
2023/7/29,10,3
2023/7/28,5,4
2023/7/27,6,7
2023/7/26,10,4
2023/7/25,11,1
2023/7/24,7,3
2023/7/23,3,1
2023/7/22,2,2
2023/7/21,10,3
2023/7/20,8,2
2023/7/19,8,3
2023/7/18,6,8
2023/7/17,10,6
2023/7/16,0,2
2023/7/15,9,3
2023/7/14,15,3
2023/7/13,2,4
2023/7/12,5,4
2023/7/11,8,5
2023/7/10,12,4
2023/7/9,1,0
2023/7/8,6,3
2023/7/7,3,5
2023/7/6,4,4
2023/7/5,9,3
2023/7/4,6,8
2023/7/3,5,8
2023/7/2,2,0
2023/7/1,1,5
2023/6/30,14,4
2023/6/29,9,3
2023/6/28,11,2
2023/6/27,3,2
2023/6/26,12,5
2023/6/25,10,3
2023/6/24,3,3
2023/6/23,3,4
2023/6/22,1,1
2023/6/21,5,2
2023/6/20,10,3
2023/6/19,7,6
2023/6/18,1,0
2023/6/17,5,4
2023/6/16,14,32
2023/6/15,10,5
2023/6/14,6,32
2023/6/13,5,9
2023/6/12,7,0
2023/6/11,3,0
2023/6/10,7,2
2023/6/9,6,0
2023/6/8,6,2
2023/6/7,8,0
2023/6/6,17,0
2023/6/5,16,0
2023/6/4,4,0
2023/6/3,2,0
2023/6/2,8,6
2023/6/1,5,3
2023/5/31,6,0
2023/5/30,8,3
2023/5/29,6,1
2023/5/27,5,0
2023/5/26,8,0
2023/5/25,9,0
2023/5/24,8,0
2023/5/23,4,0
2023/5/22,9,0
2023/5/21,2,0
2023/5/20,3,0
2023/5/19,11,0
2023/5/18,7,0
2023/5/17,12,0
2023/5/16,11,0
2023/5/15,3,0
2023/5/14,1,0
2023/5/13,8,0
2023/5/12,7,0
2023/5/11,5,0
2023/5/10,7,0
2023/5/9,12,0
2023/5/8,8,0
2023/5/7,1,0
2023/5/6,11,0
2023/5/4,9,0
2023/5/3,3,0
2023/5/2,5,0
2023/5/1,2,0
